{
    "model": "baseline",
    "n_channels": 10,
    "baseline_width": 9,
    "baseline_width_last": 34,
    "ref_p4_param_count": 49930,
    "trainable_param_count": 49948,
    "train_losses": [
        1.0519934771167245,
        0.5578434499585705,
        0.4364472451103721,
        0.40165096454939264,
        0.3490945712491206,
        0.3373219466702953,
        0.3080799438676257,
        0.28075637618542476,
        0.2841733467237205,
        0.25583211731189376,
        0.24688818016249664,
        0.22747147519877003,
        0.2301278846563807,
        0.23296131763108976,
        0.2164569552869174,
        0.2090894512737253,
        0.2135420745108158,
        0.2032274257652699,
        0.19349491280640008,
        0.1832172007649947,
        0.19403594948209016,
        0.18389224692894396,
        0.18146625046090337,
        0.16765996234811795,
        0.17637879375344628,
        0.1710702782603586,
        0.16532105314812273,
        0.1686820668779361,
        0.16845149542116056,
        0.16636788166442495,
        0.15731507736691244,
        0.15658907587551008,
        0.14971337431840076,
        0.14884889981217064,
        0.14499293458737006,
        0.14888043065739284,
        0.14115176247848069,
        0.142828637413728,
        0.1425928502361391,
        0.13626867819838462,
        0.13867064570165744,
        0.12769505990206437,
        0.13575041536716329,
        0.13437117211473215,
        0.1275013294782798,
        0.13709185833621557,
        0.13116630446758998,
        0.13448503246874946,
        0.12261470980871066,
        0.12878152856804953,
        0.12072819332550665,
        0.1143689371384443,
        0.1223236632883359,
        0.12079599451653328,
        0.11473226038276389,
        0.11556269847758256,
        0.11121092021322934,
        0.12091072782233453,
        0.10720521278655643,
        0.10755812828755303,
        0.10639192012085277,
        0.10619481970929796,
        0.11562791692128607,
        0.10405776433195847,
        0.10856664005168684,
        0.11108101098827876,
        0.11370101647012552,
        0.10984285696925726,
        0.09613898601145691,
        0.10109749931699721,
        0.09918719753741649,
        0.09610277761936567,
        0.0997234833112378,
        0.10282955952374276,
        0.09746236066411065,
        0.09620738620899476,
        0.0900755015611174,
        0.08909532322198342,
        0.09059506587707883,
        0.0919310017993116,
        0.09163019024903417,
        0.09340890074018271,
        0.09875869757501753,
        0.08813071820979855,
        0.09300154137312416,
        0.09019876311230622,
        0.08710281545248856,
        0.08538478054699435,
        0.08503045195455598,
        0.08635167825587425,
        0.08669134549749126,
        0.08378717000744525,
        0.07567265221350797,
        0.08489284944382443,
        0.08220881906450744,
        0.07363651352371,
        0.08191354919201249,
        0.08279143213027507,
        0.07486105265368702,
        0.07539513688178578,
        0.0761332277588214,
        0.07478845215574571,
        0.07394605935521566,
        0.0805554552905404,
        0.07838880429696884,
        0.0713415100434973,
        0.07771219176857193,
        0.07131935377860335,
        0.07595456331363244,
        0.07162327077654991,
        0.07355056691819885,
        0.06828596448128343,
        0.07471247117634222,
        0.07018297722646195,
        0.06750625313206274,
        0.06566673007669152,
        0.0680339714441045,
        0.0682018217245105,
        0.06581960120208703,
        0.0686883231577505,
        0.06538252479687429,
        0.05771259684115648,
        0.06401265353249137,
        0.06342136602445393,
        0.06385831824047075,
        0.06141980809669728,
        0.06099869823379881,
        0.06450472839449527,
        0.06306242474775975,
        0.05866500339915703,
        0.06261127061287688,
        0.05389553707709927,
        0.05231413967421005,
        0.060007520281015685,
        0.0627719279064257,
        0.059145539100311555,
        0.05604022611407148,
        0.058150992774742706,
        0.05359441731243756,
        0.053596924373488515,
        0.056194628410895536,
        0.05397151782515512,
        0.054794290811891196,
        0.056021247471380195,
        0.05058231036279612,
        0.05119703938090094,
        0.05438351222746976,
        0.05082585196052292,
        0.05605766012861281,
        0.049475997303772695,
        0.05079996815413996,
        0.049768213891189926,
        0.05060325426963057,
        0.0487112912296015,
        0.048370039135004116,
        0.05059007747442859,
        0.04956479453048698,
        0.04850908886095521,
        0.050587884372895124,
        0.04730422845834,
        0.050197182350738605,
        0.048151703945889024,
        0.04575295735945462,
        0.0456718263708672,
        0.04689873695509971,
        0.0474038771353662,
        0.04588312077688967,
        0.04922752925876979,
        0.04236195437242366,
        0.04668238202620084,
        0.04545441453024793,
        0.043851926363708015,
        0.04419250846514182,
        0.04564273778117813,
        0.04272604566868276,
        0.04133845739078465,
        0.04640522980498992,
        0.04504244987686776,
        0.04134182265965612,
        0.043750546036205096,
        0.04406843804546697,
        0.04145751546498886,
        0.04684726291359847,
        0.04456686454967471,
        0.04605680335146986,
        0.04349966419291249,
        0.042754301068723015,
        0.0415300837937434,
        0.0430244856964868,
        0.043290414315037384,
        0.043950341469875184,
        0.04224868433899988,
        0.04320742554405028,
        0.03933111999990644,
        0.042121627627557535,
        0.04289917225184239,
        0.04357065348500374,
        0.040419651539462385,
        0.04331585903545237,
        0.04121837485285037
    ],